{"name":"e336b58d-6025-4966-abfa-5aadbeb293b9","id":"/providers/Microsoft.Flow/flows/e336b58d-6025-4966-abfa-5aadbeb293b9","type":"Microsoft.Flow/flows","properties":{"apiId":"/providers/Microsoft.PowerApps/apis/shared_logicflows","displayName":"Leave Request Approval Updated Flow","definition":{"metadata":{"workflowEntityId":null,"processAdvisorMetadata":null,"flowclientsuspensionreason":"None","flowclientsuspensiontime":null,"creator":{"id":"89e2338d-3ccb-42f0-abdb-f7d70647c238","type":"User","tenantId":"ba4a3e48-196c-4399-a0b4-d00b85e44d71"},"provisioningMethod":"FromDefinition","failureAlertSubscription":true,"clientLastModifiedTime":"2021-12-22T11:59:05.4870665Z"},"$schema":"https://schema.management.azure.com/providers/Microsoft.Logic/schemas/2016-06-01/workflowdefinition.json#","contentVersion":"1.0.0.0","parameters":{"$connections":{"defaultValue":{},"type":"Object"},"$authentication":{"defaultValue":{},"type":"SecureObject"}},"triggers":{"When_an_item_is_created":{"recurrence":{"frequency":"Minute","interval":1},"splitOn":"@triggerOutputs()?['body/value']","metadata":{"operationMetadataId":"dd48ba9f-868e-46ca-9ae5-3eef3b416d5e"},"type":"OpenApiConnection","inputs":{"host":{"apiId":"/providers/Microsoft.PowerApps/apis/shared_sharepointonline","connectionName":"shared_sharepointonline","operationId":"GetOnNewItems"},"parameters":{"dataset":"https://oluwatobi.sharepoint.com/sites/Retrial-AutomatedRequest","table":"63a6d8dc-52e7-4ee3-867a-d30e1f629e2f"},"authentication":"@parameters('$authentication')"}}},"actions":{"Start_and_wait_for_an_approval":{"runAfter":{"Get_item":["Succeeded"]},"metadata":{"operationMetadataId":"106d1682-a94e-4274-9e65-9c4d35bdb957"},"type":"OpenApiConnectionWebhook","inputs":{"host":{"apiId":"/providers/Microsoft.PowerApps/apis/shared_approvals","connectionName":"shared_approvals","operationId":"StartAndWaitForAnApproval"},"parameters":{"approvalType":"Basic","WebhookApprovalCreationInput/title":"Leave Request: @{outputs('Get_item')?['body/Leave_x0020_Type/Value']} for @{outputs('Get_item')?['body/Author/DisplayName']}","WebhookApprovalCreationInput/assignedTo":"oluwatobi@oluwatobi.onmicrosoft.com;","WebhookApprovalCreationInput/details":"Leave Type: @{outputs('Get_item')?['body/Leave_x0020_Type/Value']}\nLeave Description: @{outputs('Get_item')?['body/Title']}\nDepartment: @{outputs('Get_item')?['body/Department/Value']}\nFrom: @{outputs('Get_item')?['body/From']}\nTo: @{outputs('Get_item')?['body/To']}\nNumber of days: @{outputs('Get_item')?['body/OData__x0023__x0020_of_x0020_Days']}","WebhookApprovalCreationInput/itemLink":"@outputs('Get_item')?['body/{Link}']","WebhookApprovalCreationInput/itemLinkDescription":"Leave request","WebhookApprovalCreationInput/enableNotifications":true,"WebhookApprovalCreationInput/enableReassignment":true},"authentication":"@parameters('$authentication')"}},"Get_item":{"runAfter":{},"metadata":{"operationMetadataId":"64ffe1a3-07d2-4273-bbed-3eb63166084a"},"type":"OpenApiConnection","inputs":{"host":{"apiId":"/providers/Microsoft.PowerApps/apis/shared_sharepointonline","connectionName":"shared_sharepointonline","operationId":"GetItem"},"parameters":{"dataset":"https://oluwatobi.sharepoint.com/sites/Retrial-AutomatedRequest","table":"63a6d8dc-52e7-4ee3-867a-d30e1f629e2f","id":"@triggerOutputs()?['body/ID']"},"authentication":"@parameters('$authentication')"}},"Condition":{"actions":{"Update_item":{"runAfter":{},"metadata":{"operationMetadataId":"4aec5a51-a8aa-4217-837c-b9e39dac3440"},"type":"OpenApiConnection","inputs":{"host":{"apiId":"/providers/Microsoft.PowerApps/apis/shared_sharepointonline","connectionName":"shared_sharepointonline","operationId":"PatchItem"},"parameters":{"dataset":"https://oluwatobi.sharepoint.com/sites/Retrial-AutomatedRequest","table":"63a6d8dc-52e7-4ee3-867a-d30e1f629e2f","id":"@outputs('Get_item')?['body/ID']","item/Title":"@outputs('Get_item')?['body/Title']","item/Status/Value":"Approved"},"authentication":"@parameters('$authentication')"}},"Send_an_email_(V2)_2":{"runAfter":{"Update_item":["Succeeded"]},"metadata":{"operationMetadataId":"e5e7e151-304d-4c2b-85e2-462864aea527"},"type":"OpenApiConnection","inputs":{"host":{"apiId":"/providers/Microsoft.PowerApps/apis/shared_office365","connectionName":"shared_office365","operationId":"SendEmailV2"},"parameters":{"emailMessage/To":"oluwatobi@oluwatobi.onmicrosoft.com","emailMessage/Subject":"Leave Request Approved","emailMessage/Body":"<p>Your leave request have been approved by your manager.</p>"},"authentication":"@parameters('$authentication')"}}},"runAfter":{"Start_and_wait_for_an_approval":["Succeeded"]},"else":{"actions":{"Update_item_2":{"runAfter":{},"metadata":{"operationMetadataId":"3622b2ad-a0c4-4e38-bff9-4e54527d9ff8"},"type":"OpenApiConnection","inputs":{"host":{"apiId":"/providers/Microsoft.PowerApps/apis/shared_sharepointonline","connectionName":"shared_sharepointonline","operationId":"PatchItem"},"parameters":{"dataset":"https://oluwatobi.sharepoint.com/sites/Retrial-AutomatedRequest","table":"63a6d8dc-52e7-4ee3-867a-d30e1f629e2f","id":"@outputs('Get_item')?['body/ID']","item/Title":"@outputs('Get_item')?['body/Title']","item/Status/Value":"Declined"},"authentication":"@parameters('$authentication')"}},"Send_an_email_(V2)":{"runAfter":{"Update_item_2":["Succeeded"]},"metadata":{"operationMetadataId":"691b8452-10fa-41ac-98cf-ed97f54c8767"},"type":"OpenApiConnection","inputs":{"host":{"apiId":"/providers/Microsoft.PowerApps/apis/shared_office365","connectionName":"shared_office365","operationId":"SendEmailV2"},"parameters":{"emailMessage/To":"oluwatobi@oluwatobi.onmicrosoft.com","emailMessage/Subject":"Leave Request Declined","emailMessage/Body":"<p>Your leave request have been declined by your manager</p>"},"authentication":"@parameters('$authentication')"}}}},"expression":{"equals":["@outputs('Start_and_wait_for_an_approval')?['body/outcome']","Approve"]},"metadata":{"operationMetadataId":"7aa486da-dedf-4c1f-9f7c-e44deac61cde"},"type":"If"}}},"connectionReferences":{"shared_approvals":{"connectionName":"shared-approvals-13374ec3-91cd-4354-8ab3-efee-2357aa57","source":"Embedded","id":"/providers/Microsoft.PowerApps/apis/shared_approvals","tier":"NotSpecified"},"shared_sharepointonline":{"connectionName":"9a082d20c8844798b50f41a2d7dda80a","source":"Embedded","id":"/providers/Microsoft.PowerApps/apis/shared_sharepointonline","tier":"NotSpecified"},"shared_office365":{"connectionName":"shared-office365-3569a8d1-ecf0-4fce-8547-0bea2f828e91","source":"Embedded","id":"/providers/Microsoft.PowerApps/apis/shared_office365","tier":"NotSpecified"}},"flowFailureAlertSubscribed":false}}