{"name":"2de41318-ace4-435b-b3e3-dd593c0a4b25","id":"/providers/Microsoft.Flow/flows/2de41318-ace4-435b-b3e3-dd593c0a4b25","type":"Microsoft.Flow/flows","properties":{"apiId":"/providers/Microsoft.PowerApps/apis/shared_logicflows","displayName":"Language Translator Flow ","definition":{"metadata":{"workflowEntityId":null,"processAdvisorMetadata":null,"flowclientsuspensionreason":"None","flowclientsuspensiontime":null,"creator":{"id":"89e2338d-3ccb-42f0-abdb-f7d70647c238","type":"User","tenantId":"ba4a3e48-196c-4399-a0b4-d00b85e44d71"},"provisioningMethod":"FromDefinition","failureAlertSubscription":true,"clientLastModifiedTime":"2022-02-26T20:24:24.7353625Z"},"$schema":"https://schema.management.azure.com/providers/Microsoft.Logic/schemas/2016-06-01/workflowdefinition.json#","contentVersion":"1.0.0.0","parameters":{"$connections":{"defaultValue":{},"type":"Object"},"$authentication":{"defaultValue":{},"type":"SecureObject"}},"triggers":{"manual":{"metadata":{"operationMetadataId":"6e5e3213-5950-4636-95b5-22b8ae52cd76"},"type":"Request","kind":"Button","inputs":{"schema":{"type":"object","properties":{"text":{"title":"My Text","type":"string","x-ms-dynamically-added":true,"description":"Please enter your input","x-ms-content-hint":"TEXT"},"text_1":{"title":"Target Language Code","type":"string","x-ms-dynamically-added":true,"description":"Please enter your input","x-ms-content-hint":"TEXT"}},"required":["text"]}}}},"actions":{"Translate_text_into_another_language":{"runAfter":{},"metadata":{"flowSystemMetadata":{"portalOperationId":"aibuilderpredict_texttranslationpretrained","portalOperationGroup":"aibuilder","portalOperationApiDisplayNameOverride":"AI Builder","portalOperationIconOverride":"https://psuxemea.azureedge.net/Content/Images/DesignerOperations/aiBuilder.png","portalOperationBrandColorOverride":"#742775","portalOperationApiTierOverride":"Standard"},"operationMetadataId":"82c6fefc-2895-4f6d-a9c6-d3ed554a559a"},"type":"OpenApiConnection","inputs":{"host":{"apiId":"/providers/Microsoft.PowerApps/apis/shared_commondataserviceforapps","connectionName":"shared_commondataserviceforapps","operationId":"aibuilderpredict_texttranslationpretrained"},"parameters":{"item/requestv2/text":"@triggerBody()['text']","item/requestv2/targetLanguage":"@triggerBody()['text_1']","item/requestv2/sourceLanguage":"auto","recordId":"6225038a-8b5a-4913-bfd2-d8236f4102ba"},"authentication":"@parameters('$authentication')"}},"Send_me_an_email_notification":{"runAfter":{"Translate_text_into_another_language":["Succeeded"]},"metadata":{"operationMetadataId":"6fcc5571-c605-43c4-ac09-a5545ec1dea6"},"type":"OpenApiConnection","inputs":{"host":{"apiId":"/providers/Microsoft.PowerApps/apis/shared_flowpush","connectionName":"shared_flowpush","operationId":"SendEmailNotification"},"parameters":{"NotificationEmailDefinition/notificationSubject":"New message posted","NotificationEmailDefinition/notificationBody":"| Translated text (@{triggerBody()['text_1']}) : @{outputs('Translate_text_into_another_language')?['body/responsev2/predictionOutput/text']}|\n| Original text (@{outputs('Translate_text_into_another_language')?['body/responsev2/predictionOutput/detectedLanguage/language']}) : @{triggerBody()['text']}|"},"authentication":{"value":"@json(decodeBase64(triggerOutputs().headers['X-MS-APIM-Tokens']))['$ConnectionKey']","type":"Raw"}}}},"outputs":{},"description":"Use Text Translation from AI Builder to automatically detect if the email you are receiving is not written in your own language and get a translated version of it on button click."},"connectionReferences":{"shared_commondataserviceforapps":{"connectionName":"shared-commondataser-778e2967-535d-4ad0-8bce-bb6ad91d5861","source":"Embedded","id":"/providers/Microsoft.PowerApps/apis/shared_commondataserviceforapps","tier":"NotSpecified"},"shared_flowpush":{"connectionName":"shared-flowpush-49ef7678-c2c2-4ee3-ba18-cb3634c6e369","source":"Invoker","id":"/providers/Microsoft.PowerApps/apis/shared_flowpush","tier":"NotSpecified"}},"flowFailureAlertSubscribed":false}}