{"name":"2485768c-b7c6-47d8-bb1f-aef208fc8665","id":"/providers/Microsoft.Flow/flows/2485768c-b7c6-47d8-bb1f-aef208fc8665","type":"Microsoft.Flow/flows","properties":{"apiId":"/providers/Microsoft.PowerApps/apis/shared_logicflows","displayName":"Work Progress Item Attachments Approval","definition":{"metadata":{"workflowEntityId":null,"processAdvisorMetadata":null,"flowclientsuspensionreason":"None","flowclientsuspensiontime":null,"creator":{"id":"89e2338d-3ccb-42f0-abdb-f7d70647c238","type":"User","tenantId":"ba4a3e48-196c-4399-a0b4-d00b85e44d71"},"provisioningMethod":"FromDefinition","failureAlertSubscription":true,"clientLastModifiedTime":"2022-02-18T10:12:23.4238086Z"},"$schema":"https://schema.management.azure.com/providers/Microsoft.Logic/schemas/2016-06-01/workflowdefinition.json#","contentVersion":"1.0.0.0","parameters":{"$connections":{"defaultValue":{},"type":"Object"},"$authentication":{"defaultValue":{},"type":"SecureObject"}},"triggers":{"When_an_item_is_created":{"recurrence":{"frequency":"Minute","interval":1},"splitOn":"@triggerOutputs()?['body/value']","metadata":{"operationMetadataId":"d545d26c-a434-4e36-a39e-5b8144dc1da8"},"type":"OpenApiConnection","inputs":{"host":{"apiId":"/providers/Microsoft.PowerApps/apis/shared_sharepointonline","connectionName":"shared_sharepointonline","operationId":"GetOnNewItems"},"parameters":{"dataset":"https://oluwatobi.sharepoint.com/sites/Retrial-AutomatedRequest","table":"cb36eb97-1f23-46da-8af7-02d59cd2f151"},"authentication":"@parameters('$authentication')"}}},"actions":{"Get_attachments":{"runAfter":{"Initialize_variable":["Succeeded"]},"metadata":{"operationMetadataId":"d9989b51-8f39-49b5-8088-7daeb7698cec"},"type":"OpenApiConnection","inputs":{"host":{"apiId":"/providers/Microsoft.PowerApps/apis/shared_sharepointonline","connectionName":"shared_sharepointonline","operationId":"GetItemAttachments"},"parameters":{"dataset":"https://oluwatobi.sharepoint.com/sites/Retrial-AutomatedRequest","table":"cb36eb97-1f23-46da-8af7-02d59cd2f151","itemId":"@triggerOutputs()?['body/ID']"},"authentication":"@parameters('$authentication')"}},"Apply_to_each":{"foreach":"@outputs('Get_attachments')?['body']","actions":{"Get_attachment_content":{"runAfter":{},"metadata":{"operationMetadataId":"60c5ebd2-cf6e-4a47-bae4-e7b76ba7a9ef"},"type":"OpenApiConnection","inputs":{"host":{"apiId":"/providers/Microsoft.PowerApps/apis/shared_sharepointonline","connectionName":"shared_sharepointonline","operationId":"GetAttachmentContent"},"parameters":{"dataset":"https://oluwatobi.sharepoint.com/sites/Retrial-AutomatedRequest","table":"cb36eb97-1f23-46da-8af7-02d59cd2f151","itemId":"@triggerOutputs()?['body/ID']","attachmentId":"@items('Apply_to_each')?['Id']"},"authentication":"@parameters('$authentication')"}},"Append_to_array_variable":{"runAfter":{"Get_attachment_content":["Succeeded"]},"metadata":{"operationMetadataId":"ca7a36fd-ff08-47e8-bdbf-0c5440581322"},"type":"AppendToArrayVariable","inputs":{"name":"Var Attachment","value":{"name":"@items('Apply_to_each')?['DisplayName']","content":"@outputs('Get_attachment_content')?['body']"}}}},"runAfter":{"Get_attachments":["Succeeded"]},"metadata":{"operationMetadataId":"5bf8c2c3-9fcd-407f-89cc-5d96406a3be8"},"type":"Foreach"},"Initialize_variable":{"runAfter":{},"metadata":{"operationMetadataId":"f3f6bfaa-224d-49eb-ba99-1a0ad4e6eb2d"},"type":"InitializeVariable","inputs":{"variables":[{"name":"Var Attachment","type":"array"}]}},"Start_and_wait_for_an_approval":{"runAfter":{"Apply_to_each":["Succeeded"]},"metadata":{"operationMetadataId":"4bea2865-b0d3-4237-96f7-1cdec038be4d"},"type":"OpenApiConnectionWebhook","inputs":{"host":{"apiId":"/providers/Microsoft.PowerApps/apis/shared_approvals","connectionName":"shared_approvals","operationId":"StartAndWaitForAnApproval"},"parameters":{"approvalType":"Basic","WebhookApprovalCreationInput/title":"Work task @{triggerOutputs()?['body/Title']}","WebhookApprovalCreationInput/assignedTo":"oluwatobi@oluwatobi.onmicrosoft.com;","WebhookApprovalCreationInput/enableNotifications":true,"WebhookApprovalCreationInput/enableReassignment":true,"WebhookApprovalCreationInput/attachments":"@variables('Var Attachment')"},"authentication":"@parameters('$authentication')"}},"Condition":{"actions":{"Compose":{"runAfter":{},"metadata":{"operationMetadataId":"c29ac0af-68cb-4bab-abb5-c38e0bba1fbd"},"type":"Compose","inputs":"Approved"}},"runAfter":{"Start_and_wait_for_an_approval":["Succeeded"]},"else":{"actions":{"Compose_2":{"runAfter":{},"metadata":{"operationMetadataId":"d6ab359d-6ebe-406a-b692-6f98895e0774"},"type":"Compose","inputs":"Declined"}}},"expression":{"equals":["@outputs('Start_and_wait_for_an_approval')?['body/outcome']","Approve"]},"metadata":{"operationMetadataId":"fbd79c47-0b55-4480-81f7-1ecff18504a7"},"type":"If"}}},"connectionReferences":{"shared_sharepointonline":{"connectionName":"a7b19ba7d0264e8787bd84c47dd6af2f","source":"Embedded","id":"/providers/Microsoft.PowerApps/apis/shared_sharepointonline","tier":"NotSpecified"},"shared_approvals":{"connectionName":"shared-approvals-292c82b9-ed23-4fa5-9946-2345e47d81f5","source":"Embedded","id":"/providers/Microsoft.PowerApps/apis/shared_approvals","tier":"NotSpecified"}},"flowFailureAlertSubscribed":false}}