{"name":"d574ae1e-6eed-4dca-912f-50a67f0ddeff","id":"/providers/Microsoft.Flow/flows/d574ae1e-6eed-4dca-912f-50a67f0ddeff","type":"Microsoft.Flow/flows","properties":{"apiId":"/providers/Microsoft.PowerApps/apis/shared_logicflows","displayName":"Data Intake Approval","definition":{"metadata":{"workflowEntityId":null,"processAdvisorMetadata":null,"flowclientsuspensionreason":"None","flowclientsuspensiontime":null,"creator":{"id":"89e2338d-3ccb-42f0-abdb-f7d70647c238","type":"User","tenantId":"ba4a3e48-196c-4399-a0b4-d00b85e44d71"},"provisioningMethod":"FromDefinition","failureAlertSubscription":true,"clientLastModifiedTime":"2021-12-19T23:48:32.4563435Z"},"$schema":"https://schema.management.azure.com/providers/Microsoft.Logic/schemas/2016-06-01/workflowdefinition.json#","contentVersion":"1.0.0.0","parameters":{"$connections":{"defaultValue":{},"type":"Object"},"$authentication":{"defaultValue":{},"type":"SecureObject"}},"triggers":{"When_a_new_response_is_submitted":{"splitOn":"@triggerOutputs()?['body/value']","metadata":{"operationMetadataId":"20f5e60e-18c1-43d9-9f6a-c8166927a03f"},"type":"OpenApiConnectionWebhook","inputs":{"host":{"apiId":"/providers/Microsoft.PowerApps/apis/shared_microsoftforms","connectionName":"shared_microsoftforms","operationId":"CreateFormWebhook"},"parameters":{"form_id":"SD5KumwZmUOgtNALheRNcY0z4onLPPBCq9v31wZHwjhUOVlTN1ZNS09JTzZJVDMxVUxLWjlPTDlMTS4u"},"authentication":"@parameters('$authentication')"}}},"actions":{"Get_response_details":{"runAfter":{},"metadata":{"operationMetadataId":"64736025-b5e4-4624-bb19-822a01c8b0e3"},"type":"OpenApiConnection","inputs":{"host":{"apiId":"/providers/Microsoft.PowerApps/apis/shared_microsoftforms","connectionName":"shared_microsoftforms","operationId":"GetFormResponseById"},"parameters":{"form_id":"SD5KumwZmUOgtNALheRNcY0z4onLPPBCq9v31wZHwjhUOVlTN1ZNS09JTzZJVDMxVUxLWjlPTDlMTS4u","response_id":"@triggerOutputs()?['body/resourceData/responseId']"},"authentication":"@parameters('$authentication')"}},"Compose":{"runAfter":{"Get_response_details":["Succeeded"]},"metadata":{"operationMetadataId":"9e937a7e-f195-4677-a2f3-8ba1284d3259"},"type":"Compose","inputs":"@json(outputs('Get_response_details')?['body/re5101e8331e34a28964b7dcd416f73d2'])"},"Apply_to_each":{"foreach":"@outputs('Compose')","actions":{"Get_file_content":{"runAfter":{},"metadata":{"operationMetadataId":"d679668d-9a29-4d17-ab38-a3ca5946b806"},"type":"OpenApiConnection","inputs":{"host":{"apiId":"/providers/Microsoft.PowerApps/apis/shared_onedriveforbusiness","connectionName":"shared_onedriveforbusiness","operationId":"GetFileContent"},"parameters":{"id":"@item()['id']","inferContentType":true},"authentication":"@parameters('$authentication')"}},"Append_to_array_variable":{"runAfter":{"Get_file_content":["Succeeded"]},"metadata":{"operationMetadataId":"339fea66-79b4-4796-b929-ddf0f0745776"},"type":"AppendToArrayVariable","inputs":{"name":"Var Attachment","value":{"name":"@item()['name']","content":"@outputs('Get_file_content')?['body']"}}}},"runAfter":{"Initialize_variable":["Succeeded"]},"metadata":{"operationMetadataId":"e2150dc4-8016-4026-8e15-076b8015bd65"},"type":"Foreach"},"Initialize_variable":{"runAfter":{"Compose":["Succeeded"]},"metadata":{"operationMetadataId":"c50464fb-5c0c-438a-a08b-9c4e2f5ecf67"},"type":"InitializeVariable","inputs":{"variables":[{"name":"Var Attachment","type":"array"}]}},"Start_and_wait_for_an_approval":{"runAfter":{"Apply_to_each":["Succeeded"]},"metadata":{"operationMetadataId":"278c9afa-0e16-4d34-8a21-8b20cd6e00db"},"type":"OpenApiConnectionWebhook","inputs":{"host":{"apiId":"/providers/Microsoft.PowerApps/apis/shared_approvals","connectionName":"shared_approvals","operationId":"StartAndWaitForAnApproval"},"parameters":{"approvalType":"Basic","WebhookApprovalCreationInput/title":"Data Intake approval for @{outputs('Get_response_details')?['body/r0c2e9474e71744549e183a37c7722e6a']}","WebhookApprovalCreationInput/assignedTo":"oluwatobi@oluwatobi.onmicrosoft.com;","WebhookApprovalCreationInput/enableNotifications":true,"WebhookApprovalCreationInput/enableReassignment":true,"WebhookApprovalCreationInput/attachments":"@variables('Var Attachment')"},"authentication":"@parameters('$authentication')"}},"Condition":{"actions":{"Apply_to_each_2":{"foreach":"@variables('Var Attachment')","actions":{"Create_file":{"runAfter":{},"metadata":{"operationMetadataId":"d131ab83-0b6a-4ddf-a481-cf4955483510"},"type":"OpenApiConnection","inputs":{"host":{"apiId":"/providers/Microsoft.PowerApps/apis/shared_sharepointonline","connectionName":"shared_sharepointonline","operationId":"CreateFile"},"parameters":{"dataset":"https://oluwatobi.sharepoint.com/sites/Retrial-AutomatedRequest","folderPath":"/Invoice Management","name":"@item()['name']","body":"@item()['content']"},"authentication":"@parameters('$authentication')"},"runtimeConfiguration":{"contentTransfer":{"transferMode":"Chunked"}}}},"runAfter":{},"metadata":{"operationMetadataId":"47462dfb-bf6f-4c7e-8511-673f6c0127fb"},"type":"Foreach"}},"runAfter":{"Start_and_wait_for_an_approval":["Succeeded"]},"expression":{"equals":["@outputs('Start_and_wait_for_an_approval')?['body/outcome']","Approve"]},"metadata":{"operationMetadataId":"3e36bf26-b6f5-4113-a38a-bf4294df792a"},"type":"If"}}},"connectionReferences":{"shared_microsoftforms":{"connectionName":"shared-microsoftform-b75ba188-0538-4dda-8581-fdf1-4391de89","source":"Embedded","id":"/providers/Microsoft.PowerApps/apis/shared_microsoftforms","tier":"NotSpecified"},"shared_onedriveforbusiness":{"connectionName":"5a9592e5e7c648cc960b8489a9c83ebe","source":"Embedded","id":"/providers/Microsoft.PowerApps/apis/shared_onedriveforbusiness","tier":"NotSpecified"},"shared_approvals":{"connectionName":"shared-approvals-292c82b9-ed23-4fa5-9946-2345e47d81f5","source":"Embedded","id":"/providers/Microsoft.PowerApps/apis/shared_approvals","tier":"NotSpecified"},"shared_sharepointonline":{"connectionName":"a7b19ba7d0264e8787bd84c47dd6af2f","source":"Embedded","id":"/providers/Microsoft.PowerApps/apis/shared_sharepointonline","tier":"NotSpecified"}},"flowFailureAlertSubscribed":false}}