{"name":"ab8294b5-26b2-4a2b-8cc2-3ae3be45e568","id":"/providers/Microsoft.Flow/flows/ab8294b5-26b2-4a2b-8cc2-3ae3be45e568","type":"Microsoft.Flow/flows","properties":{"apiId":"/providers/Microsoft.PowerApps/apis/shared_logicflows","displayName":"StudentMgtFlowAI","definition":{"metadata":{"workflowEntityId":null,"processAdvisorMetadata":null,"flowclientsuspensionreason":"None","flowclientsuspensiontime":null,"creator":{"id":"89e2338d-3ccb-42f0-abdb-f7d70647c238","type":"User","tenantId":"ba4a3e48-196c-4399-a0b4-d00b85e44d71"},"provisioningMethod":"FromDefinition","failureAlertSubscription":true,"clientLastModifiedTime":"2022-03-01T10:36:25.5081773Z"},"$schema":"https://schema.management.azure.com/providers/Microsoft.Logic/schemas/2016-06-01/workflowdefinition.json#","contentVersion":"1.0.0.0","parameters":{"$connections":{"defaultValue":{},"type":"Object"},"$authentication":{"defaultValue":{},"type":"SecureObject"}},"triggers":{"When_an_item_is_created":{"recurrence":{"frequency":"Minute","interval":1},"splitOn":"@triggerOutputs()?['body/value']","metadata":{"operationMetadataId":"81bf7354-7765-480f-a553-d3c1c4edb731"},"type":"OpenApiConnection","inputs":{"host":{"apiId":"/providers/Microsoft.PowerApps/apis/shared_sharepointonline","connectionName":"shared_sharepointonline","operationId":"GetOnNewItems"},"parameters":{"dataset":"https://oluwatobi.sharepoint.com/sites/Retrial-AutomatedRequest","table":"8d3f3df4-e05c-454e-9291-fec7999408f2"},"authentication":"@parameters('$authentication')"}}},"actions":{"Get_attachments":{"runAfter":{},"metadata":{"operationMetadataId":"9077f227-670e-40dc-8974-2a76dbc304d1"},"type":"OpenApiConnection","inputs":{"host":{"apiId":"/providers/Microsoft.PowerApps/apis/shared_sharepointonline","connectionName":"shared_sharepointonline","operationId":"GetItemAttachments"},"parameters":{"dataset":"https://oluwatobi.sharepoint.com/sites/Retrial-AutomatedRequest","table":"8d3f3df4-e05c-454e-9291-fec7999408f2","itemId":"@triggerOutputs()?['body/ID']"},"authentication":"@parameters('$authentication')"}},"Apply_to_each_2":{"foreach":"@body('Get_attachments')","actions":{"Get_attachment_content":{"runAfter":{},"metadata":{"operationMetadataId":"23c9e6ce-1b1b-487b-b24c-0532816da9b9"},"type":"OpenApiConnection","inputs":{"host":{"apiId":"/providers/Microsoft.PowerApps/apis/shared_sharepointonline","connectionName":"shared_sharepointonline","operationId":"GetAttachmentContent"},"parameters":{"dataset":"https://oluwatobi.sharepoint.com/sites/Retrial-AutomatedRequest","table":"8d3f3df4-e05c-454e-9291-fec7999408f2","itemId":"@triggerOutputs()?['body/ID']","attachmentId":"@item()?['Id']"},"authentication":"@parameters('$authentication')"}},"Process_and_save_information_from_receipts":{"runAfter":{"Get_attachment_content":["Succeeded"]},"metadata":{"flowSystemMetadata":{"portalOperationId":"aibuilderpredict_receiptscanningpretrained","portalOperationGroup":"aibuilder","portalOperationApiDisplayNameOverride":"AI Builder","portalOperationIconOverride":"https://psuxemea.azureedge.net/Content/Images/DesignerOperations/aiBuilder.png","portalOperationBrandColorOverride":"#742775","portalOperationApiTierOverride":"Standard"},"operationMetadataId":"1865d85d-e3db-4efb-91a6-a27b7ef1ce73"},"type":"OpenApiConnection","inputs":{"host":{"apiId":"/providers/Microsoft.PowerApps/apis/shared_commondataserviceforapps","connectionName":"shared_commondataserviceforapps","operationId":"aibuilderpredict_receiptscanningpretrained"},"parameters":{"item/requestv2/base64Encoded":"@body('Get_attachment_content')","recordId":"baa44529-bebe-49e6-837a-80bee63b0d2c"},"authentication":"@parameters('$authentication')"}},"Apply_to_each":{"foreach":"@outputs('Process_and_save_information_from_receipts')?['body/responsev2/predictionOutput/result/items']","actions":{"Send_an_email_(V2)":{"runAfter":{},"metadata":{"operationMetadataId":"cc51a97d-015a-4d9a-ad4f-6e55490a07d1"},"type":"OpenApiConnection","inputs":{"host":{"apiId":"/providers/Microsoft.PowerApps/apis/shared_office365","connectionName":"shared_office365","operationId":"SendEmailV2"},"parameters":{"emailMessage/To":"oluwatobi@oluwatobi.onmicrosoft.com","emailMessage/Subject":"Receipt Details","emailMessage/Body":"<p>Receipt detail for @{triggerOutputs()?['body/Title']}<br>\n<br>\nStudent Name: @{outputs('Process_and_save_information_from_receipts')?['body/responsev2/predictionOutput/result/fields/merchantName/value']}<br>\n<br>\n<br>\nTotal Price: @{items('Apply_to_each')?['fields/totalPrice/value']}</p>"},"authentication":"@parameters('$authentication')"}}},"runAfter":{"Process_and_save_information_from_receipts":["Succeeded"]},"metadata":{"operationMetadataId":"3bd45637-0a33-4db8-bca2-06265bd10ac9"},"type":"Foreach"}},"runAfter":{"Get_attachments":["Succeeded"]},"metadata":{"operationMetadataId":"ef675d39-bfc5-40f2-bfc4-6003ad40ddf5"},"type":"Foreach"}},"outputs":{},"description":"Using Receipt processing from AI Builder, automatically scan and extract data from your receipts to create expense items in an Excel spreadsheet. Add a photo of a receipt to a folder in OneDrive for Business, then an expense will be automatically created for you with the scanned information from the receipt. You must create an Excel Online (Business) spreadsheet with a table that has the following columns in order to use this template: Date, Merchant name, Amount, Receipt."},"connectionReferences":{"shared_sharepointonline":{"connectionName":"9a082d20c8844798b50f41a2d7dda80a","source":"Embedded","id":"/providers/Microsoft.PowerApps/apis/shared_sharepointonline","tier":"NotSpecified"},"shared_commondataserviceforapps":{"connectionName":"shared-commondataser-778e2967-535d-4ad0-8bce-bb6ad91d5861","source":"Embedded","id":"/providers/Microsoft.PowerApps/apis/shared_commondataserviceforapps","tier":"NotSpecified"},"shared_office365":{"connectionName":"shared-office365-3569a8d1-ecf0-4fce-8547-0bea2f828e91","source":"Embedded","id":"/providers/Microsoft.PowerApps/apis/shared_office365","tier":"NotSpecified"}},"flowFailureAlertSubscribed":false}}